,0
0,https://photomarble.s3.ap-northeast-2.amazonaws.com/similarity/background/독립문_B1TJEHZBw1s.jpg
1,https://photomarble.s3.ap-northeast-2.amazonaws.com/similarity/background/독립문_Ca-KirBP9oE.jpg
2,https://photomarble.s3.ap-northeast-2.amazonaws.com/similarity/background/독립문_Ca1sIwSpvCH.jpg
3,https://photomarble.s3.ap-northeast-2.amazonaws.com/similarity/background/독립문_Ca1sOOmJh9M.jpg
4,https://photomarble.s3.ap-northeast-2.amazonaws.com/similarity/background/독립문_Ca2I5WxPIwO.jpg
5,https://photomarble.s3.ap-northeast-2.amazonaws.com/similarity/background/독립문_Ca3e6m_PRQu.jpg
6,https://photomarble.s3.ap-northeast-2.amazonaws.com/similarity/background/독립문_Ca3rzGcJK1Y.jpg
7,https://photomarble.s3.ap-northeast-2.amazonaws.com/similarity/background/독립문_Ca3WxL_PiJS.jpg
8,https://photomarble.s3.ap-northeast-2.amazonaws.com/similarity/background/독립문_Ca4FpatJ98g.jpg
9,https://photomarble.s3.ap-northeast-2.amazonaws.com/similarity/background/독립문_Ca4ZE3RvaMm.jpg
10,https://photomarble.s3.ap-northeast-2.amazonaws.com/similarity/background/독립문_Ca5ohypP638.jpg
11,https://photomarble.s3.ap-northeast-2.amazonaws.com/similarity/background/독립문_Ca9Bre9Jkp1.jpg
12,https://photomarble.s3.ap-northeast-2.amazonaws.com/similarity/background/독립문_Ca9xgvJvlOS.jpg
13,https://photomarble.s3.ap-northeast-2.amazonaws.com/similarity/background/독립문_CaCCYyqPvIV.jpg
14,https://photomarble.s3.ap-northeast-2.amazonaws.com/similarity/background/독립문_CagbCU-JltY.jpg
15,https://photomarble.s3.ap-northeast-2.amazonaws.com/similarity/background/독립문_Cah6dKsvttT.jpg
16,https://photomarble.s3.ap-northeast-2.amazonaws.com/similarity/background/독립문_CaiwTD_pDOn.jpg
17,https://photomarble.s3.ap-northeast-2.amazonaws.com/similarity/background/독립문_CaiZYqtBSFx.jpg
18,https://photomarble.s3.ap-northeast-2.amazonaws.com/similarity/background/독립문_Caj1rhNliu7.jpg
19,https://photomarble.s3.ap-northeast-2.amazonaws.com/similarity/background/독립문_Caja7xVlF-b.jpg
20,https://photomarble.s3.ap-northeast-2.amazonaws.com/similarity/background/독립문_Cajb0TJF7NR.jpg
21,https://photomarble.s3.ap-northeast-2.amazonaws.com/similarity/background/독립문_CajIrBUJNb1.jpg
22,https://photomarble.s3.ap-northeast-2.amazonaws.com/similarity/background/독립문_CajjkaDF2zp.jpg
23,https://photomarble.s3.ap-northeast-2.amazonaws.com/similarity/background/독립문_Cajllz-L9Ce.jpg
24,https://photomarble.s3.ap-northeast-2.amazonaws.com/similarity/background/독립문_CajqjorFQYw.jpg
25,https://photomarble.s3.ap-northeast-2.amazonaws.com/similarity/background/독립문_CajQL68L2y1.jpg
26,https://photomarble.s3.ap-northeast-2.amazonaws.com/similarity/background/독립문_Cajv04cPO2c.jpg
27,https://photomarble.s3.ap-northeast-2.amazonaws.com/similarity/background/독립문_CajWF7SvpXM.jpg
28,https://photomarble.s3.ap-northeast-2.amazonaws.com/similarity/background/독립문_CajYXKNB18Y.jpg
29,https://photomarble.s3.ap-northeast-2.amazonaws.com/similarity/background/독립문_Cajz6IOvOr9.jpg
30,https://photomarble.s3.ap-northeast-2.amazonaws.com/similarity/background/독립문_CaK67Qov-pL.jpg
31,https://photomarble.s3.ap-northeast-2.amazonaws.com/similarity/background/독립문_CakA5R4pC3H.jpg
32,https://photomarble.s3.ap-northeast-2.amazonaws.com/similarity/background/독립문_Cakf2OzB9ws.jpg
33,https://photomarble.s3.ap-northeast-2.amazonaws.com/similarity/background/독립문_CakIzIoJhKA.jpg
34,https://photomarble.s3.ap-northeast-2.amazonaws.com/similarity/background/독립문_CaPv3qOvdXi.jpg
35,https://photomarble.s3.ap-northeast-2.amazonaws.com/similarity/background/독립문_CarAyKGP8Dq.jpg
36,https://photomarble.s3.ap-northeast-2.amazonaws.com/similarity/background/독립문_CatPRQ0F8Ah.jpg
37,https://photomarble.s3.ap-northeast-2.amazonaws.com/similarity/background/독립문_CawNi9tvmLo.jpg
38,https://photomarble.s3.ap-northeast-2.amazonaws.com/similarity/background/독립문_CaXHWoaF9Hs.jpg
39,https://photomarble.s3.ap-northeast-2.amazonaws.com/similarity/background/독립문_CaYwT-cFkwA.jpg
40,https://photomarble.s3.ap-northeast-2.amazonaws.com/similarity/background/독립문_CaZdigrF4_T.jpg
41,https://photomarble.s3.ap-northeast-2.amazonaws.com/similarity/background/독립문_Cb1oAGnubx0.jpg
42,https://photomarble.s3.ap-northeast-2.amazonaws.com/similarity/background/독립문_Cb1PWp5vziO.jpg
43,https://photomarble.s3.ap-northeast-2.amazonaws.com/similarity/background/독립문_Cb28MYjPIlU.jpg
44,https://photomarble.s3.ap-northeast-2.amazonaws.com/similarity/background/독립문_Cb4_wxTr-kp.jpg
45,https://photomarble.s3.ap-northeast-2.amazonaws.com/similarity/background/독립문_Cb9vQ_jBgeM.jpg
46,https://photomarble.s3.ap-northeast-2.amazonaws.com/similarity/background/독립문_CbHDa27LtTq.jpg
47,https://photomarble.s3.ap-northeast-2.amazonaws.com/similarity/background/독립문_CbkI1dClxZC.jpg
48,https://photomarble.s3.ap-northeast-2.amazonaws.com/similarity/background/독립문_CbLnvTSh6KR.jpg
49,https://photomarble.s3.ap-northeast-2.amazonaws.com/similarity/background/독립문_CbnBIeLrqKd.jpg
50,https://photomarble.s3.ap-northeast-2.amazonaws.com/similarity/background/독립문_CbOnDCpJZC3.jpg
51,https://photomarble.s3.ap-northeast-2.amazonaws.com/similarity/background/독립문_CbPRxu6MkAz.jpg
52,https://photomarble.s3.ap-northeast-2.amazonaws.com/similarity/background/독립문_CbROPfqvWh0.jpg
53,https://photomarble.s3.ap-northeast-2.amazonaws.com/similarity/background/독립문_CbROVPgvLUy.jpg
54,https://photomarble.s3.ap-northeast-2.amazonaws.com/similarity/background/독립문_CbsAGP9PgMU.jpg
55,https://photomarble.s3.ap-northeast-2.amazonaws.com/similarity/background/독립문_CbUUaHRBvRg.jpg
56,https://photomarble.s3.ap-northeast-2.amazonaws.com/similarity/background/독립문_CbuxrGirXoH.jpg
57,https://photomarble.s3.ap-northeast-2.amazonaws.com/similarity/background/독립문_CbXbL4FvWIZ.jpg
58,https://photomarble.s3.ap-northeast-2.amazonaws.com/similarity/background/독립문_Cb_m602Ptdh.jpg
59,https://photomarble.s3.ap-northeast-2.amazonaws.com/similarity/background/독립문_CcckESoJJte.jpg
60,https://photomarble.s3.ap-northeast-2.amazonaws.com/similarity/background/독립문_CcDKt-LPkC5.jpg
61,https://photomarble.s3.ap-northeast-2.amazonaws.com/similarity/background/독립문_CcE4WqdvbSE.jpg
62,https://photomarble.s3.ap-northeast-2.amazonaws.com/similarity/background/독립문_CcGO8YmP2nz.jpg
63,https://photomarble.s3.ap-northeast-2.amazonaws.com/similarity/background/독립문_CcHkSUSPpae.jpg
64,https://photomarble.s3.ap-northeast-2.amazonaws.com/similarity/background/독립문_CcKNfm5rGrC.jpg
65,https://photomarble.s3.ap-northeast-2.amazonaws.com/similarity/background/독립문_CcSdf27P4zR.jpg
66,https://photomarble.s3.ap-northeast-2.amazonaws.com/similarity/background/독립문_CMWlj1hMgUd.jpg
67,https://photomarble.s3.ap-northeast-2.amazonaws.com/similarity/background/독립문_CPfwUFZMf3b.jpg
68,https://photomarble.s3.ap-northeast-2.amazonaws.com/similarity/background/독립문_CSoldzfpUcZ.jpg
69,https://photomarble.s3.ap-northeast-2.amazonaws.com/similarity/background/독립문_CURnKx9P18G.jpg
70,https://photomarble.s3.ap-northeast-2.amazonaws.com/similarity/background/독립문_CX-UOORr9g9.jpg
71,https://photomarble.s3.ap-northeast-2.amazonaws.com/similarity/background/독립문_CX3GVimlw8t.jpg
72,https://photomarble.s3.ap-northeast-2.amazonaws.com/similarity/background/독립문_CXaziN9va58.jpg
73,https://photomarble.s3.ap-northeast-2.amazonaws.com/similarity/background/독립문_CXfESGPBapE.jpg
74,https://photomarble.s3.ap-northeast-2.amazonaws.com/similarity/background/독립문_CXgUGlCBP5k.jpg
75,https://photomarble.s3.ap-northeast-2.amazonaws.com/similarity/background/독립문_CXlQjh9vsHk.jpg
76,https://photomarble.s3.ap-northeast-2.amazonaws.com/similarity/background/독립문_CXlUIdrpwo4.jpg
77,https://photomarble.s3.ap-northeast-2.amazonaws.com/similarity/background/독립문_CXn243IFzYL.jpg
78,https://photomarble.s3.ap-northeast-2.amazonaws.com/similarity/background/독립문_CXp67o0lRdS.jpg
79,https://photomarble.s3.ap-northeast-2.amazonaws.com/similarity/background/독립문_CXQfWc3PW8i.jpg
80,https://photomarble.s3.ap-northeast-2.amazonaws.com/similarity/background/독립문_CXSt7Rpve7q.jpg
81,https://photomarble.s3.ap-northeast-2.amazonaws.com/similarity/background/독립문_CXtNu2WvZeO.jpg
82,https://photomarble.s3.ap-northeast-2.amazonaws.com/similarity/background/독립문_CXv8kDvPtgg.jpg
83,https://photomarble.s3.ap-northeast-2.amazonaws.com/similarity/background/독립문_CXX_lilPJuS.jpg
84,https://photomarble.s3.ap-northeast-2.amazonaws.com/similarity/background/독립문_CXyKhrnPevd.jpg
85,https://photomarble.s3.ap-northeast-2.amazonaws.com/similarity/background/독립문_CY-7z57pMG6.jpg
86,https://photomarble.s3.ap-northeast-2.amazonaws.com/similarity/background/독립문_CY25n3IrZgr.jpg
87,https://photomarble.s3.ap-northeast-2.amazonaws.com/similarity/background/독립문_CY3646FB6QQ.jpg
88,https://photomarble.s3.ap-northeast-2.amazonaws.com/similarity/background/독립문_CY6cH4xlXxN.jpg
89,https://photomarble.s3.ap-northeast-2.amazonaws.com/similarity/background/독립문_CYBbSK8lBBP.jpg
90,https://photomarble.s3.ap-northeast-2.amazonaws.com/similarity/background/독립문_CYCwsy8hJcp.jpg
91,https://photomarble.s3.ap-northeast-2.amazonaws.com/similarity/background/독립문_CYDMKzslBan.jpg
92,https://photomarble.s3.ap-northeast-2.amazonaws.com/similarity/background/독립문_CYf2PPlvWo9.jpg
93,https://photomarble.s3.ap-northeast-2.amazonaws.com/similarity/background/독립문_CYiqZ-krGOB.jpg
94,https://photomarble.s3.ap-northeast-2.amazonaws.com/similarity/background/독립문_CYLWoXihSQN.jpg
95,https://photomarble.s3.ap-northeast-2.amazonaws.com/similarity/background/독립문_CYLXh_IPlub.jpg
96,https://photomarble.s3.ap-northeast-2.amazonaws.com/similarity/background/독립문_CYpZTduh3j8.jpg
97,https://photomarble.s3.ap-northeast-2.amazonaws.com/similarity/background/독립문_CYqGFVWPxZI.jpg
98,https://photomarble.s3.ap-northeast-2.amazonaws.com/similarity/background/독립문_CYs0WB8rjOU.jpg
99,https://photomarble.s3.ap-northeast-2.amazonaws.com/similarity/background/독립문_CYyAp96lkz4.jpg
100,https://photomarble.s3.ap-northeast-2.amazonaws.com/similarity/background/독립문_CYyJemevXT7.jpg
101,https://photomarble.s3.ap-northeast-2.amazonaws.com/similarity/background/독립문_CYyyEf_pprI.jpg
102,https://photomarble.s3.ap-northeast-2.amazonaws.com/similarity/background/독립문_CZ3enJ8PLSx.jpg
103,https://photomarble.s3.ap-northeast-2.amazonaws.com/similarity/background/독립문_CZ3XfJYvDWT.jpg
104,https://photomarble.s3.ap-northeast-2.amazonaws.com/similarity/background/독립문_CZ9CqvUlEid.jpg
105,https://photomarble.s3.ap-northeast-2.amazonaws.com/similarity/background/독립문_CZbQ83evaF_.jpg
106,https://photomarble.s3.ap-northeast-2.amazonaws.com/similarity/background/독립문_CZCmtT5vSzw.jpg
107,https://photomarble.s3.ap-northeast-2.amazonaws.com/similarity/background/독립문_CZjnILwFjGS.jpg
108,https://photomarble.s3.ap-northeast-2.amazonaws.com/similarity/background/독립문_CZlxyzaFsxR.jpg
109,https://photomarble.s3.ap-northeast-2.amazonaws.com/similarity/background/독립문_CZmbukvPF-A.jpg
110,https://photomarble.s3.ap-northeast-2.amazonaws.com/similarity/background/독립문_CZoFvUQPeL5.jpg
111,https://photomarble.s3.ap-northeast-2.amazonaws.com/similarity/background/독립문_CZomkM-P3AZ.jpg
112,https://photomarble.s3.ap-northeast-2.amazonaws.com/similarity/background/독립문_CZoR3xOlXRd.jpg
113,https://photomarble.s3.ap-northeast-2.amazonaws.com/similarity/background/독립문_CZRhb38vrHS.jpg
114,https://photomarble.s3.ap-northeast-2.amazonaws.com/similarity/background/독립문_CZYa20PlC-q.jpg
115,https://photomarble.s3.ap-northeast-2.amazonaws.com/similarity/background/독립문_CZyAun_lZss.jpg
116,https://photomarble.s3.ap-northeast-2.amazonaws.com/similarity/background/독립문_CZ_PZkbFM56.jpg
117,https://photomarble.s3.ap-northeast-2.amazonaws.com/similarity/background/명동성당_CaGJ7mYBjiP.jpg
118,https://photomarble.s3.ap-northeast-2.amazonaws.com/similarity/background/명동성당_Cc0EuKuJqbe.jpg
119,https://photomarble.s3.ap-northeast-2.amazonaws.com/similarity/background/명동성당_Cc0hmikv4JE.jpg
120,https://photomarble.s3.ap-northeast-2.amazonaws.com/similarity/background/명동성당_Cc0Iicavmzj.jpg
121,https://photomarble.s3.ap-northeast-2.amazonaws.com/similarity/background/명동성당_Cc0ka0uvAPJ.jpg
122,https://photomarble.s3.ap-northeast-2.amazonaws.com/similarity/background/명동성당_Cc0L1GghAhY.jpg
123,https://photomarble.s3.ap-northeast-2.amazonaws.com/similarity/background/명동성당_Cc1bqh0hKMC.jpg
124,https://photomarble.s3.ap-northeast-2.amazonaws.com/similarity/background/명동성당_Cc1p0ULPajF.jpg
125,https://photomarble.s3.ap-northeast-2.amazonaws.com/similarity/background/명동성당_Cc1rZxvvX3V.jpg
126,https://photomarble.s3.ap-northeast-2.amazonaws.com/similarity/background/명동성당_Cc1ssVUJKTb.jpg
127,https://photomarble.s3.ap-northeast-2.amazonaws.com/similarity/background/명동성당_Cc2F1GCpcty.jpg
128,https://photomarble.s3.ap-northeast-2.amazonaws.com/similarity/background/명동성당_Cc2K8-MJ9bm.jpg
129,https://photomarble.s3.ap-northeast-2.amazonaws.com/similarity/background/명동성당_CcaEXRkJdX3.jpg
130,https://photomarble.s3.ap-northeast-2.amazonaws.com/similarity/background/명동성당_Ccajc4lLsXL.jpg
131,https://photomarble.s3.ap-northeast-2.amazonaws.com/similarity/background/명동성당_CcaJnx-rfpk.jpg
132,https://photomarble.s3.ap-northeast-2.amazonaws.com/similarity/background/명동성당_CcakzVGJVXc.jpg
133,https://photomarble.s3.ap-northeast-2.amazonaws.com/similarity/background/명동성당_CcalnGUvMn-.jpg
134,https://photomarble.s3.ap-northeast-2.amazonaws.com/similarity/background/명동성당_CcaMHs5P3Z3.jpg
135,https://photomarble.s3.ap-northeast-2.amazonaws.com/similarity/background/명동성당_CcamypTLaag.jpg
136,https://photomarble.s3.ap-northeast-2.amazonaws.com/similarity/background/명동성당_CcaoNwPvzYo.jpg
137,https://photomarble.s3.ap-northeast-2.amazonaws.com/similarity/background/명동성당_CcaqAzcP1u5.jpg
138,https://photomarble.s3.ap-northeast-2.amazonaws.com/similarity/background/명동성당_CcaR93OFAms.jpg
139,https://photomarble.s3.ap-northeast-2.amazonaws.com/similarity/background/명동성당_CcaU3pkvM6f.jpg
140,https://photomarble.s3.ap-northeast-2.amazonaws.com/similarity/background/명동성당_Ccb2JNpBMrN.jpg
141,https://photomarble.s3.ap-northeast-2.amazonaws.com/similarity/background/명동성당_Ccb3cmIpyz7.jpg
142,https://photomarble.s3.ap-northeast-2.amazonaws.com/similarity/background/명동성당_Ccb4UhYv46H.jpg
143,https://photomarble.s3.ap-northeast-2.amazonaws.com/similarity/background/명동성당_CcbiI_0hQh_.jpg
144,https://photomarble.s3.ap-northeast-2.amazonaws.com/similarity/background/명동성당_CcbjbWIv0wD.jpg
145,https://photomarble.s3.ap-northeast-2.amazonaws.com/similarity/background/명동성당_CcbnQ_FPUxe.jpg
146,https://photomarble.s3.ap-northeast-2.amazonaws.com/similarity/background/명동성당_CcbSl3avKoN.jpg
147,https://photomarble.s3.ap-northeast-2.amazonaws.com/similarity/background/명동성당_CcbsvnPP1l7.jpg
148,https://photomarble.s3.ap-northeast-2.amazonaws.com/similarity/background/명동성당_Ccb_PioLb1h.jpg
149,https://photomarble.s3.ap-northeast-2.amazonaws.com/similarity/background/명동성당_Ccc02twPICJ.jpg
150,https://photomarble.s3.ap-northeast-2.amazonaws.com/similarity/background/명동성당_Ccc1WtbBY2S.jpg
151,https://photomarble.s3.ap-northeast-2.amazonaws.com/similarity/background/명동성당_Ccc2-lwr5J3.jpg
152,https://photomarble.s3.ap-northeast-2.amazonaws.com/similarity/background/명동성당_Ccc78WoJxJL.jpg
153,https://photomarble.s3.ap-northeast-2.amazonaws.com/similarity/background/명동성당_CccaCKePwFC.jpg
154,https://photomarble.s3.ap-northeast-2.amazonaws.com/similarity/background/명동성당_CccbPBcvCyA.jpg
155,https://photomarble.s3.ap-northeast-2.amazonaws.com/similarity/background/명동성당_CccERf7PV0x.jpg
156,https://photomarble.s3.ap-northeast-2.amazonaws.com/similarity/background/명동성당_CccKUpkvDSm.jpg
157,https://photomarble.s3.ap-northeast-2.amazonaws.com/similarity/background/명동성당_Cccn6fLL8Fg.jpg
158,https://photomarble.s3.ap-northeast-2.amazonaws.com/similarity/background/명동성당_CccOncYLUaG.jpg
159,https://photomarble.s3.ap-northeast-2.amazonaws.com/similarity/background/명동성당_CccQhQnPXg1.jpg
160,https://photomarble.s3.ap-northeast-2.amazonaws.com/similarity/background/명동성당_CccsnbxLq1k.jpg
161,https://photomarble.s3.ap-northeast-2.amazonaws.com/similarity/background/명동성당_CccSYipPMx-.jpg
162,https://photomarble.s3.ap-northeast-2.amazonaws.com/similarity/background/명동성당_CccW2aHp9YQ.jpg
163,https://photomarble.s3.ap-northeast-2.amazonaws.com/similarity/background/명동성당_CcczDtlpAI4.jpg
164,https://photomarble.s3.ap-northeast-2.amazonaws.com/similarity/background/명동성당_CcczizvPUZI.jpg
165,https://photomarble.s3.ap-northeast-2.amazonaws.com/similarity/background/명동성당_Ccc_hNCLPgB.jpg
166,https://photomarble.s3.ap-northeast-2.amazonaws.com/similarity/background/명동성당_Ccc_U10P59K.jpg
167,https://photomarble.s3.ap-northeast-2.amazonaws.com/similarity/background/명동성당_CcDC526hMtk.jpg
168,https://photomarble.s3.ap-northeast-2.amazonaws.com/similarity/background/명동성당_CcdDRmRrmVV.jpg
169,https://photomarble.s3.ap-northeast-2.amazonaws.com/similarity/background/명동성당_CcdGklDPYJN.jpg
170,https://photomarble.s3.ap-northeast-2.amazonaws.com/similarity/background/명동성당_CcdGlixrsFC.jpg
171,https://photomarble.s3.ap-northeast-2.amazonaws.com/similarity/background/명동성당_CcdHI9yvrE0.jpg
172,https://photomarble.s3.ap-northeast-2.amazonaws.com/similarity/background/명동성당_CcdHoN1vzpU.jpg
173,https://photomarble.s3.ap-northeast-2.amazonaws.com/similarity/background/명동성당_CcdNSt3vVdD.jpg
174,https://photomarble.s3.ap-northeast-2.amazonaws.com/similarity/background/명동성당_CcdSGAQhcmy.jpg
175,https://photomarble.s3.ap-northeast-2.amazonaws.com/similarity/background/명동성당_Cce0_kPPOPA.jpg
176,https://photomarble.s3.ap-northeast-2.amazonaws.com/similarity/background/명동성당_CceAUO7P-r8.jpg
177,https://photomarble.s3.ap-northeast-2.amazonaws.com/similarity/background/명동성당_CceFtmevFBT.jpg
178,https://photomarble.s3.ap-northeast-2.amazonaws.com/similarity/background/명동성당_CceNHp5B03r.jpg
179,https://photomarble.s3.ap-northeast-2.amazonaws.com/similarity/background/명동성당_CceR6mwvn_p.jpg
180,https://photomarble.s3.ap-northeast-2.amazonaws.com/similarity/background/명동성당_CcesibXv6qN.jpg
181,https://photomarble.s3.ap-northeast-2.amazonaws.com/similarity/background/명동성당_CcfCbHhvLLW.jpg
182,https://photomarble.s3.ap-northeast-2.amazonaws.com/similarity/background/명동성당_Ccffe7kJNDw.jpg
183,https://photomarble.s3.ap-northeast-2.amazonaws.com/similarity/background/명동성당_CcffNUUvTML.jpg
184,https://photomarble.s3.ap-northeast-2.amazonaws.com/similarity/background/명동성당_CcfFRkNvx8x.jpg
185,https://photomarble.s3.ap-northeast-2.amazonaws.com/similarity/background/명동성당_CcfhEFrPAMx.jpg
186,https://photomarble.s3.ap-northeast-2.amazonaws.com/similarity/background/명동성당_Ccfm90YLXal.jpg
187,https://photomarble.s3.ap-northeast-2.amazonaws.com/similarity/background/명동성당_CcfPMPaJyKi.jpg
188,https://photomarble.s3.ap-northeast-2.amazonaws.com/similarity/background/명동성당_CcfwVkMvADz.jpg
189,https://photomarble.s3.ap-northeast-2.amazonaws.com/similarity/background/명동성당_CcgnjaPv0Wb.jpg
190,https://photomarble.s3.ap-northeast-2.amazonaws.com/similarity/background/명동성당_Cch-euGp5kV.jpg
191,https://photomarble.s3.ap-northeast-2.amazonaws.com/similarity/background/명동성당_Cchah8WrHrK.jpg
192,https://photomarble.s3.ap-northeast-2.amazonaws.com/similarity/background/명동성당_CchciqIvzhd.jpg
193,https://photomarble.s3.ap-northeast-2.amazonaws.com/similarity/background/명동성당_CchSehVrP7j.jpg
194,https://photomarble.s3.ap-northeast-2.amazonaws.com/similarity/background/명동성당_Cchw3uoJ2yz.jpg
195,https://photomarble.s3.ap-northeast-2.amazonaws.com/similarity/background/명동성당_CchZR6Vp7Fm.jpg
196,https://photomarble.s3.ap-northeast-2.amazonaws.com/similarity/background/명동성당_CciBFl_Jr9o.jpg
197,https://photomarble.s3.ap-northeast-2.amazonaws.com/similarity/background/명동성당_CciboHdJvOG.jpg
198,https://photomarble.s3.ap-northeast-2.amazonaws.com/similarity/background/명동성당_CcieIDIhWpm.jpg
199,https://photomarble.s3.ap-northeast-2.amazonaws.com/similarity/background/명동성당_CciFGxjr-fJ.jpg
200,https://photomarble.s3.ap-northeast-2.amazonaws.com/similarity/background/명동성당_CciJ6fqOGS6.jpg
201,https://photomarble.s3.ap-northeast-2.amazonaws.com/similarity/background/명동성당_CciP1bDL3Eq.jpg
202,https://photomarble.s3.ap-northeast-2.amazonaws.com/similarity/background/명동성당_CciXi4Zr3PL.jpg
203,https://photomarble.s3.ap-northeast-2.amazonaws.com/similarity/background/명동성당_Ccj4m9nvzel.jpg
204,https://photomarble.s3.ap-northeast-2.amazonaws.com/similarity/background/명동성당_CcjfLI-v8s7.jpg
205,https://photomarble.s3.ap-northeast-2.amazonaws.com/similarity/background/명동성당_CcjuWVELdps.jpg
206,https://photomarble.s3.ap-northeast-2.amazonaws.com/similarity/background/명동성당_CcjzjpiP-a6.jpg
207,https://photomarble.s3.ap-northeast-2.amazonaws.com/similarity/background/명동성당_Cck4mZ3riwm.jpg
208,https://photomarble.s3.ap-northeast-2.amazonaws.com/similarity/background/명동성당_CckJrWILgZF.jpg
209,https://photomarble.s3.ap-northeast-2.amazonaws.com/similarity/background/명동성당_CckkX4FvkDX.jpg
210,https://photomarble.s3.ap-northeast-2.amazonaws.com/similarity/background/명동성당_CckMIiorz-r.jpg
211,https://photomarble.s3.ap-northeast-2.amazonaws.com/similarity/background/명동성당_CckmIiWFQfc.jpg
212,https://photomarble.s3.ap-northeast-2.amazonaws.com/similarity/background/명동성당_CckPrJ3BCPM.jpg
213,https://photomarble.s3.ap-northeast-2.amazonaws.com/similarity/background/명동성당_CckqSGbrDq9.jpg
214,https://photomarble.s3.ap-northeast-2.amazonaws.com/similarity/background/명동성당_CcktbWbLJbx.jpg
215,https://photomarble.s3.ap-northeast-2.amazonaws.com/similarity/background/명동성당_CckuXykpRrN.jpg
216,https://photomarble.s3.ap-northeast-2.amazonaws.com/similarity/background/명동성당_Cckx2Cgvw0L.jpg
217,https://photomarble.s3.ap-northeast-2.amazonaws.com/similarity/background/명동성당_CckXphdgziD.jpg
218,https://photomarble.s3.ap-northeast-2.amazonaws.com/similarity/background/명동성당_CckzkN1rrnN.jpg
219,https://photomarble.s3.ap-northeast-2.amazonaws.com/similarity/background/명동성당_Ccm0grnPvQJ.jpg
220,https://photomarble.s3.ap-northeast-2.amazonaws.com/similarity/background/명동성당_Ccmfwo2JsYn.jpg
221,https://photomarble.s3.ap-northeast-2.amazonaws.com/similarity/background/명동성당_CcmHm0XBvOy.jpg
222,https://photomarble.s3.ap-northeast-2.amazonaws.com/similarity/background/명동성당_CcmJ7yYv1YQ.jpg
223,https://photomarble.s3.ap-northeast-2.amazonaws.com/similarity/background/명동성당_CcmJcSopUtn.jpg
224,https://photomarble.s3.ap-northeast-2.amazonaws.com/similarity/background/명동성당_CcmLBQovju4.jpg
225,https://photomarble.s3.ap-northeast-2.amazonaws.com/similarity/background/명동성당_CcmlNn9p0Wl.jpg
226,https://photomarble.s3.ap-northeast-2.amazonaws.com/similarity/background/명동성당_CcnahTQPkUX.jpg
227,https://photomarble.s3.ap-northeast-2.amazonaws.com/similarity/background/명동성당_CcnJGLPBWxg.jpg
228,https://photomarble.s3.ap-northeast-2.amazonaws.com/similarity/background/명동성당_CcnJZPOB9XK.jpg
229,https://photomarble.s3.ap-northeast-2.amazonaws.com/similarity/background/명동성당_CcnLUjSJ4ms.jpg
230,https://photomarble.s3.ap-northeast-2.amazonaws.com/similarity/background/명동성당_CcnVJPyLmis.jpg
231,https://photomarble.s3.ap-northeast-2.amazonaws.com/similarity/background/명동성당_CcopV9_vtqn.jpg
232,https://photomarble.s3.ap-northeast-2.amazonaws.com/similarity/background/명동성당_CcotL2sv5zZ.jpg
233,https://photomarble.s3.ap-northeast-2.amazonaws.com/similarity/background/명동성당_CcouUnOJKid.jpg
234,https://photomarble.s3.ap-northeast-2.amazonaws.com/similarity/background/명동성당_CcoxVnGPREI.jpg
235,https://photomarble.s3.ap-northeast-2.amazonaws.com/similarity/background/명동성당_Ccp0uhbvmB8.jpg
236,https://photomarble.s3.ap-northeast-2.amazonaws.com/similarity/background/명동성당_CcpCOB5rQcr.jpg
237,https://photomarble.s3.ap-northeast-2.amazonaws.com/similarity/background/명동성당_CcpCZO2rVt2.jpg
238,https://photomarble.s3.ap-northeast-2.amazonaws.com/similarity/background/명동성당_Ccpilu2J3We.jpg
239,https://photomarble.s3.ap-northeast-2.amazonaws.com/similarity/background/명동성당_Ccprv8ErQZn.jpg
240,https://photomarble.s3.ap-northeast-2.amazonaws.com/similarity/background/명동성당_CcpSFrSrF7d.jpg
241,https://photomarble.s3.ap-northeast-2.amazonaws.com/similarity/background/명동성당_CcpT6PehqMh.jpg
242,https://photomarble.s3.ap-northeast-2.amazonaws.com/similarity/background/명동성당_CcpurCZprTD.jpg
243,https://photomarble.s3.ap-northeast-2.amazonaws.com/similarity/background/명동성당_CcpWQDILLh7.jpg
244,https://photomarble.s3.ap-northeast-2.amazonaws.com/similarity/background/명동성당_Ccpwr_IFBu2.jpg
245,https://photomarble.s3.ap-northeast-2.amazonaws.com/similarity/background/명동성당_Ccr0NXQP15d.jpg
246,https://photomarble.s3.ap-northeast-2.amazonaws.com/similarity/background/명동성당_Ccr3sFFp64T.jpg
247,https://photomarble.s3.ap-northeast-2.amazonaws.com/similarity/background/명동성당_Ccr4fALrKex.jpg
248,https://photomarble.s3.ap-northeast-2.amazonaws.com/similarity/background/명동성당_CcrBGCwPdbZ.jpg
249,https://photomarble.s3.ap-northeast-2.amazonaws.com/similarity/background/명동성당_CcrgH4nvlwu.jpg
250,https://photomarble.s3.ap-northeast-2.amazonaws.com/similarity/background/명동성당_CcrtxDOP1ut.jpg
251,https://photomarble.s3.ap-northeast-2.amazonaws.com/similarity/background/명동성당_CcS0mhyJPss.jpg
252,https://photomarble.s3.ap-northeast-2.amazonaws.com/similarity/background/명동성당_CcS1PFYJLF5.jpg
253,https://photomarble.s3.ap-northeast-2.amazonaws.com/similarity/background/명동성당_CcS5arPhK6p.jpg
254,https://photomarble.s3.ap-northeast-2.amazonaws.com/similarity/background/명동성당_CcS5TJOpU0m.jpg
255,https://photomarble.s3.ap-northeast-2.amazonaws.com/similarity/background/명동성당_CcsAL3zLVhw.jpg
256,https://photomarble.s3.ap-northeast-2.amazonaws.com/similarity/background/명동성당_CcsaM3srZg_.jpg
257,https://photomarble.s3.ap-northeast-2.amazonaws.com/similarity/background/명동성당_CcsGnW5J2Wt.jpg
258,https://photomarble.s3.ap-northeast-2.amazonaws.com/similarity/background/명동성당_Ccsgt3cr1dx.jpg
259,https://photomarble.s3.ap-northeast-2.amazonaws.com/similarity/background/명동성당_CcsKOm9L1IU.jpg
260,https://photomarble.s3.ap-northeast-2.amazonaws.com/similarity/background/명동성당_CcskRSJvCeL.jpg
261,https://photomarble.s3.ap-northeast-2.amazonaws.com/similarity/background/명동성당_CcSmOI5JTnJ.jpg
262,https://photomarble.s3.ap-northeast-2.amazonaws.com/similarity/background/명동성당_CcSphXurubY.jpg
263,https://photomarble.s3.ap-northeast-2.amazonaws.com/similarity/background/명동성당_CcsPSGQpy-m.jpg
264,https://photomarble.s3.ap-northeast-2.amazonaws.com/similarity/background/명동성당_CcsUkm6vzKC.jpg
265,https://photomarble.s3.ap-northeast-2.amazonaws.com/similarity/background/명동성당_CcSyeD-pnZL.jpg
266,https://photomarble.s3.ap-northeast-2.amazonaws.com/similarity/background/명동성당_CcT-rNpvCG9.jpg
267,https://photomarble.s3.ap-northeast-2.amazonaws.com/similarity/background/명동성당_CcT-sv8h7zb.jpg
268,https://photomarble.s3.ap-northeast-2.amazonaws.com/similarity/background/명동성당_CcT1IhNP1lG.jpg
269,https://photomarble.s3.ap-northeast-2.amazonaws.com/similarity/background/명동성당_CctorAKv-DH.jpg
270,https://photomarble.s3.ap-northeast-2.amazonaws.com/similarity/background/명동성당_CctoVQ1Pbth.jpg
271,https://photomarble.s3.ap-northeast-2.amazonaws.com/similarity/background/명동성당_CctpTeGBY8l.jpg
272,https://photomarble.s3.ap-northeast-2.amazonaws.com/similarity/background/명동성당_CctwfA1Jh61.jpg
273,https://photomarble.s3.ap-northeast-2.amazonaws.com/similarity/background/명동성당_Ccu24PVJvQg.jpg
274,https://photomarble.s3.ap-northeast-2.amazonaws.com/similarity/background/명동성당_Ccu5PAwl5-M.jpg
275,https://photomarble.s3.ap-northeast-2.amazonaws.com/similarity/background/명동성당_Ccu7ggDLuDs.jpg
276,https://photomarble.s3.ap-northeast-2.amazonaws.com/similarity/background/명동성당_CcuEWeiJEAc.jpg
277,https://photomarble.s3.ap-northeast-2.amazonaws.com/similarity/background/명동성당_CcUHjbNvIcw.jpg
278,https://photomarble.s3.ap-northeast-2.amazonaws.com/similarity/background/명동성당_CcukjYgpD4z.jpg
279,https://photomarble.s3.ap-northeast-2.amazonaws.com/similarity/background/명동성당_CcuLtzkB6dh.jpg
280,https://photomarble.s3.ap-northeast-2.amazonaws.com/similarity/background/명동성당_CcUSM00p1vQ.jpg
281,https://photomarble.s3.ap-northeast-2.amazonaws.com/similarity/background/명동성당_CcUV4y6vU9v.jpg
282,https://photomarble.s3.ap-northeast-2.amazonaws.com/similarity/background/명동성당_CcUWwtjPPEg.jpg
283,https://photomarble.s3.ap-northeast-2.amazonaws.com/similarity/background/명동성당_CcuykNBPec6.jpg
284,https://photomarble.s3.ap-northeast-2.amazonaws.com/similarity/background/명동성당_CcuyNDNP9jO.jpg
285,https://photomarble.s3.ap-northeast-2.amazonaws.com/similarity/background/명동성당_CcVAB-0P-Sq.jpg
286,https://photomarble.s3.ap-northeast-2.amazonaws.com/similarity/background/명동성당_CcvBBGjrZC2.jpg
287,https://photomarble.s3.ap-northeast-2.amazonaws.com/similarity/background/명동성당_CcvDo_lvcIy.jpg
288,https://photomarble.s3.ap-northeast-2.amazonaws.com/similarity/background/명동성당_CcVFgGUlHZm.jpg
289,https://photomarble.s3.ap-northeast-2.amazonaws.com/similarity/background/명동성당_CcvfZJcv1Jm.jpg
290,https://photomarble.s3.ap-northeast-2.amazonaws.com/similarity/background/명동성당_Ccviza8h4r8.jpg
291,https://photomarble.s3.ap-northeast-2.amazonaws.com/similarity/background/명동성당_CcVL7nNhJYj.jpg
292,https://photomarble.s3.ap-northeast-2.amazonaws.com/similarity/background/명동성당_CcvMnr_rU5l.jpg
293,https://photomarble.s3.ap-northeast-2.amazonaws.com/similarity/background/명동성당_CcvRbiCh1C8.jpg
294,https://photomarble.s3.ap-northeast-2.amazonaws.com/similarity/background/명동성당_CcVTIwjhWZZ.jpg
295,https://photomarble.s3.ap-northeast-2.amazonaws.com/similarity/background/명동성당_CcvVQIPvK8z.jpg
296,https://photomarble.s3.ap-northeast-2.amazonaws.com/similarity/background/명동성당_CcvXhEDpoED.jpg
297,https://photomarble.s3.ap-northeast-2.amazonaws.com/similarity/background/명동성당_Ccw5c6DpEIw.jpg
298,https://photomarble.s3.ap-northeast-2.amazonaws.com/similarity/background/명동성당_CcW874_vb4o.jpg
299,https://photomarble.s3.ap-northeast-2.amazonaws.com/similarity/background/명동성당_CcwhsFbp2S0.jpg
300,https://photomarble.s3.ap-northeast-2.amazonaws.com/similarity/background/명동성당_CcwSg7_vX2s.jpg
301,https://photomarble.s3.ap-northeast-2.amazonaws.com/similarity/background/명동성당_Ccwtgkyv2f9.jpg
302,https://photomarble.s3.ap-northeast-2.amazonaws.com/similarity/background/명동성당_CcwvqqsrL6A.jpg
303,https://photomarble.s3.ap-northeast-2.amazonaws.com/similarity/background/명동성당_CcwVqusPLjk.jpg
304,https://photomarble.s3.ap-northeast-2.amazonaws.com/similarity/background/명동성당_CcWy-xHvvR1.jpg
305,https://photomarble.s3.ap-northeast-2.amazonaws.com/similarity/background/명동성당_CcX2ks4Pj3N.jpg
306,https://photomarble.s3.ap-northeast-2.amazonaws.com/similarity/background/명동성당_CcX3B85rqnc.jpg
307,https://photomarble.s3.ap-northeast-2.amazonaws.com/similarity/background/명동성당_CcX7WFilsth.jpg
308,https://photomarble.s3.ap-northeast-2.amazonaws.com/similarity/background/명동성당_CcX8vONLc_J.jpg
309,https://photomarble.s3.ap-northeast-2.amazonaws.com/similarity/background/명동성당_CcXAqxJhjZ_.jpg
310,https://photomarble.s3.ap-northeast-2.amazonaws.com/similarity/background/명동성당_CcxClEbrEiY.jpg
311,https://photomarble.s3.ap-northeast-2.amazonaws.com/similarity/background/명동성당_CcXkglUJeDw.jpg
312,https://photomarble.s3.ap-northeast-2.amazonaws.com/similarity/background/명동성당_CcxM2-kP7jJ.jpg
313,https://photomarble.s3.ap-northeast-2.amazonaws.com/similarity/background/명동성당_CcxUcpLvp_j.jpg
314,https://photomarble.s3.ap-northeast-2.amazonaws.com/similarity/background/명동성당_CcXWKv1p5lK.jpg
315,https://photomarble.s3.ap-northeast-2.amazonaws.com/similarity/background/명동성당_CcXZWkbrS3t.jpg
316,https://photomarble.s3.ap-northeast-2.amazonaws.com/similarity/background/명동성당_CcY9rmOvFGf.jpg
317,https://photomarble.s3.ap-northeast-2.amazonaws.com/similarity/background/명동성당_CcYAmTCh2tY.jpg
318,https://photomarble.s3.ap-northeast-2.amazonaws.com/similarity/background/명동성당_CcYCwqwP2pT.jpg
319,https://photomarble.s3.ap-northeast-2.amazonaws.com/similarity/background/명동성당_CcYge68B79B.jpg
320,https://photomarble.s3.ap-northeast-2.amazonaws.com/similarity/background/명동성당_CcYNp3dPnx2.jpg
321,https://photomarble.s3.ap-northeast-2.amazonaws.com/similarity/background/명동성당_CcYNwY-PVE8.jpg
322,https://photomarble.s3.ap-northeast-2.amazonaws.com/similarity/background/명동성당_Ccz04chLB__.jpg
323,https://photomarble.s3.ap-northeast-2.amazonaws.com/similarity/background/명동성당_Ccz7xIxpKX1.jpg
324,https://photomarble.s3.ap-northeast-2.amazonaws.com/similarity/background/명동성당_CcZECqYhGlG.jpg
325,https://photomarble.s3.ap-northeast-2.amazonaws.com/similarity/background/명동성당_CcZIPVDByKQ.jpg
326,https://photomarble.s3.ap-northeast-2.amazonaws.com/similarity/background/명동성당_CczKgmahLlz.jpg
327,https://photomarble.s3.ap-northeast-2.amazonaws.com/similarity/background/명동성당_CcZKjzcvQ8E.jpg
328,https://photomarble.s3.ap-northeast-2.amazonaws.com/similarity/background/명동성당_CcZnAivP7o3.jpg
329,https://photomarble.s3.ap-northeast-2.amazonaws.com/similarity/background/명동성당_CczOgIvh2GO.jpg
330,https://photomarble.s3.ap-northeast-2.amazonaws.com/similarity/background/명동성당_CczosVEPtAI.jpg
331,https://photomarble.s3.ap-northeast-2.amazonaws.com/similarity/background/명동성당_CcZxIOxBPoD.jpg
332,https://photomarble.s3.ap-northeast-2.amazonaws.com/similarity/background/명동성당_CcZY5TEBXta.jpg
333,https://photomarble.s3.ap-northeast-2.amazonaws.com/similarity/background/명동성당_CczYPRDrWQ9.jpg
334,https://photomarble.s3.ap-northeast-2.amazonaws.com/similarity/background/명동성당_CcZyZhmJIeM.jpg
335,https://photomarble.s3.ap-northeast-2.amazonaws.com/similarity/background/석조전_Cb-BIffvQbo.jpg
336,https://photomarble.s3.ap-northeast-2.amazonaws.com/similarity/background/석조전_Cb-DMF3LhK8.jpg
337,https://photomarble.s3.ap-northeast-2.amazonaws.com/similarity/background/석조전_Cb-GyltvKbi.jpg
338,https://photomarble.s3.ap-northeast-2.amazonaws.com/similarity/background/석조전_Cb-IYC4vocL.jpg
339,https://photomarble.s3.ap-northeast-2.amazonaws.com/similarity/background/석조전_Cb-ucxnBoT5.jpg
340,https://photomarble.s3.ap-northeast-2.amazonaws.com/similarity/background/석조전_Cb0za8QvxPL.jpg
341,https://photomarble.s3.ap-northeast-2.amazonaws.com/similarity/background/석조전_Cb2hjM8rFrn.jpg
342,https://photomarble.s3.ap-northeast-2.amazonaws.com/similarity/background/석조전_Cb31jh_v4V6.jpg
343,https://photomarble.s3.ap-northeast-2.amazonaws.com/similarity/background/석조전_Cb4BNs1puYB.jpg
344,https://photomarble.s3.ap-northeast-2.amazonaws.com/similarity/background/석조전_Cb4fOUAPV-h.jpg
345,https://photomarble.s3.ap-northeast-2.amazonaws.com/similarity/background/석조전_Cb61ZooLA7d.jpg
346,https://photomarble.s3.ap-northeast-2.amazonaws.com/similarity/background/석조전_Cb6Io0ohnmw.jpg
347,https://photomarble.s3.ap-northeast-2.amazonaws.com/similarity/background/석조전_Cb6p8VFvDjN.jpg
348,https://photomarble.s3.ap-northeast-2.amazonaws.com/similarity/background/석조전_Cb7jQ0Nr2PU.jpg
349,https://photomarble.s3.ap-northeast-2.amazonaws.com/similarity/background/석조전_Cb9-UzdJ5lr.jpg
350,https://photomarble.s3.ap-northeast-2.amazonaws.com/similarity/background/석조전_Cb97z45JSdS.jpg
351,https://photomarble.s3.ap-northeast-2.amazonaws.com/similarity/background/석조전_Cb9bmImvhYj.jpg
352,https://photomarble.s3.ap-northeast-2.amazonaws.com/similarity/background/석조전_Cb9PNfPPkwX.jpg
353,https://photomarble.s3.ap-northeast-2.amazonaws.com/similarity/background/석조전_Cbbs7k0JUGu.jpg
354,https://photomarble.s3.ap-northeast-2.amazonaws.com/similarity/background/석조전_CbhU3Ayp9PQ.jpg
355,https://photomarble.s3.ap-northeast-2.amazonaws.com/similarity/background/석조전_CbhvG98vG8D.jpg
356,https://photomarble.s3.ap-northeast-2.amazonaws.com/similarity/background/석조전_Cbhy4yHv2HH.jpg
357,https://photomarble.s3.ap-northeast-2.amazonaws.com/similarity/background/석조전_CbiA4M4pJ_v.jpg
358,https://photomarble.s3.ap-northeast-2.amazonaws.com/similarity/background/석조전_Cbl7ui_pe-x.jpg
359,https://photomarble.s3.ap-northeast-2.amazonaws.com/similarity/background/석조전_CbMKIIDPjSC.jpg
360,https://photomarble.s3.ap-northeast-2.amazonaws.com/similarity/background/석조전_CbNl90qPtkA.jpg
361,https://photomarble.s3.ap-northeast-2.amazonaws.com/similarity/background/석조전_CbnL9B9vjiT.jpg
362,https://photomarble.s3.ap-northeast-2.amazonaws.com/similarity/background/석조전_Cbo9Q_evx6R.jpg
363,https://photomarble.s3.ap-northeast-2.amazonaws.com/similarity/background/석조전_CbqvFzVPM_w.jpg
364,https://photomarble.s3.ap-northeast-2.amazonaws.com/similarity/background/석조전_Cbr4QrxPLBr.jpg
365,https://photomarble.s3.ap-northeast-2.amazonaws.com/similarity/background/석조전_CbrlSrVLLrA.jpg
366,https://photomarble.s3.ap-northeast-2.amazonaws.com/similarity/background/석조전_CbSRNTGPOdK.jpg
367,https://photomarble.s3.ap-northeast-2.amazonaws.com/similarity/background/석조전_CbtjClppoX6.jpg
368,https://photomarble.s3.ap-northeast-2.amazonaws.com/similarity/background/석조전_CbtyakxPHWZ.jpg
369,https://photomarble.s3.ap-northeast-2.amazonaws.com/similarity/background/석조전_CbufJf4Jm3A.jpg
370,https://photomarble.s3.ap-northeast-2.amazonaws.com/similarity/background/석조전_CbuJ0lRLjA-.jpg
371,https://photomarble.s3.ap-northeast-2.amazonaws.com/similarity/background/석조전_CbwcA7mvOR9.jpg
372,https://photomarble.s3.ap-northeast-2.amazonaws.com/similarity/background/석조전_CbWgmSEv1aP.jpg
373,https://photomarble.s3.ap-northeast-2.amazonaws.com/similarity/background/석조전_Cb_6fMEPcGz.jpg
374,https://photomarble.s3.ap-northeast-2.amazonaws.com/similarity/background/석조전_Cb_fuEmP3-U.jpg
375,https://photomarble.s3.ap-northeast-2.amazonaws.com/similarity/background/석조전_Cb_JHE9hMhc.jpg
376,https://photomarble.s3.ap-northeast-2.amazonaws.com/similarity/background/석조전_Cb_pA2pPrMz.jpg
377,https://photomarble.s3.ap-northeast-2.amazonaws.com/similarity/background/석조전_CcaiGOfJYyN.jpg
378,https://photomarble.s3.ap-northeast-2.amazonaws.com/similarity/background/석조전_CcAuP5rrH6e.jpg
379,https://photomarble.s3.ap-northeast-2.amazonaws.com/similarity/background/석조전_CcAvYUdvsx1.jpg
380,https://photomarble.s3.ap-northeast-2.amazonaws.com/similarity/background/석조전_CcAX_qqpZnL.jpg
381,https://photomarble.s3.ap-northeast-2.amazonaws.com/similarity/background/석조전_Ccb45yRPkvd.jpg
382,https://photomarble.s3.ap-northeast-2.amazonaws.com/similarity/background/석조전_CcBC81Jve8e.jpg
383,https://photomarble.s3.ap-northeast-2.amazonaws.com/similarity/background/석조전_CcbmYTAP3-N.jpg
384,https://photomarble.s3.ap-northeast-2.amazonaws.com/similarity/background/석조전_CcC9UserH3h.jpg
385,https://photomarble.s3.ap-northeast-2.amazonaws.com/similarity/background/석조전_CcCdkoXJkAf.jpg
386,https://photomarble.s3.ap-northeast-2.amazonaws.com/similarity/background/석조전_CccGoIOL7A0.jpg
387,https://photomarble.s3.ap-northeast-2.amazonaws.com/similarity/background/석조전_CccIQuWPrJO.jpg
388,https://photomarble.s3.ap-northeast-2.amazonaws.com/similarity/background/석조전_Cccnz5pv4as.jpg
389,https://photomarble.s3.ap-northeast-2.amazonaws.com/similarity/background/석조전_CccR1MwBRau.jpg
390,https://photomarble.s3.ap-northeast-2.amazonaws.com/similarity/background/석조전_CccvBOxrfAH.jpg
391,https://photomarble.s3.ap-northeast-2.amazonaws.com/similarity/background/석조전_CcdCTc3PM-U.jpg
392,https://photomarble.s3.ap-northeast-2.amazonaws.com/similarity/background/석조전_CcDcURjJesX.jpg
393,https://photomarble.s3.ap-northeast-2.amazonaws.com/similarity/background/석조전_CcDcYfoPC1N.jpg
394,https://photomarble.s3.ap-northeast-2.amazonaws.com/similarity/background/석조전_CcdDNKQJkyX.jpg
395,https://photomarble.s3.ap-northeast-2.amazonaws.com/similarity/background/석조전_CcDFq-6LF0y.jpg
396,https://photomarble.s3.ap-northeast-2.amazonaws.com/similarity/background/석조전_CcDLkxXPX-w.jpg
397,https://photomarble.s3.ap-northeast-2.amazonaws.com/similarity/background/석조전_CcdNg_6LDJy.jpg
398,https://photomarble.s3.ap-northeast-2.amazonaws.com/similarity/background/석조전_CcDOoCIpkvD.jpg
399,https://photomarble.s3.ap-northeast-2.amazonaws.com/similarity/background/석조전_CcdR9NZB1_C.jpg
400,https://photomarble.s3.ap-northeast-2.amazonaws.com/similarity/background/석조전_CcdTKt7P0DC.jpg
401,https://photomarble.s3.ap-northeast-2.amazonaws.com/similarity/background/석조전_CcEiC9MPqk9.jpg
402,https://photomarble.s3.ap-northeast-2.amazonaws.com/similarity/background/석조전_CcEpe0vP0uw.jpg
403,https://photomarble.s3.ap-northeast-2.amazonaws.com/similarity/background/석조전_CceQwfgvKYC.jpg
404,https://photomarble.s3.ap-northeast-2.amazonaws.com/similarity/background/석조전_CcF-AjRLX8o.jpg
405,https://photomarble.s3.ap-northeast-2.amazonaws.com/similarity/background/석조전_CcF-GikLlDq.jpg
406,https://photomarble.s3.ap-northeast-2.amazonaws.com/similarity/background/석조전_CcF-RkkLFeE.jpg
407,https://photomarble.s3.ap-northeast-2.amazonaws.com/similarity/background/석조전_CcF0NMYLTuy.jpg
408,https://photomarble.s3.ap-northeast-2.amazonaws.com/similarity/background/석조전_CcF6jegLy8K.jpg
409,https://photomarble.s3.ap-northeast-2.amazonaws.com/similarity/background/석조전_CcFa4vSrQwD.jpg
410,https://photomarble.s3.ap-northeast-2.amazonaws.com/similarity/background/석조전_CcFiPZErc9C.jpg
411,https://photomarble.s3.ap-northeast-2.amazonaws.com/similarity/background/석조전_CcFv7nUpQc9.jpg
412,https://photomarble.s3.ap-northeast-2.amazonaws.com/similarity/background/석조전_CcG5qPwBnog.jpg
413,https://photomarble.s3.ap-northeast-2.amazonaws.com/similarity/background/석조전_CcGEz4DBMm_.jpg
414,https://photomarble.s3.ap-northeast-2.amazonaws.com/similarity/background/석조전_CcH52ddPcG6.jpg
415,https://photomarble.s3.ap-northeast-2.amazonaws.com/similarity/background/석조전_CcHg6XfBpMg.jpg
416,https://photomarble.s3.ap-northeast-2.amazonaws.com/similarity/background/석조전_CcH_XmGJxiO.jpg
417,https://photomarble.s3.ap-northeast-2.amazonaws.com/similarity/background/석조전_CcIhn3dLWUU.jpg
418,https://photomarble.s3.ap-northeast-2.amazonaws.com/similarity/background/석조전_CcII3O3rNvX.jpg
419,https://photomarble.s3.ap-northeast-2.amazonaws.com/similarity/background/석조전_CcIW82LJauI.jpg
420,https://photomarble.s3.ap-northeast-2.amazonaws.com/similarity/background/석조전_CcIxDF_BjHM.jpg
421,https://photomarble.s3.ap-northeast-2.amazonaws.com/similarity/background/석조전_CcIZ7YzpFGw.jpg
422,https://photomarble.s3.ap-northeast-2.amazonaws.com/similarity/background/석조전_CcJ7D6JPbDA.jpg
423,https://photomarble.s3.ap-northeast-2.amazonaws.com/similarity/background/석조전_CcJCE6ohWCj.jpg
424,https://photomarble.s3.ap-northeast-2.amazonaws.com/similarity/background/석조전_CcKXvJrvR-J.jpg
425,https://photomarble.s3.ap-northeast-2.amazonaws.com/similarity/background/석조전_CcMjZV0JAPG.jpg
426,https://photomarble.s3.ap-northeast-2.amazonaws.com/similarity/background/석조전_CcNa_2FP2Kx.jpg
427,https://photomarble.s3.ap-northeast-2.amazonaws.com/similarity/background/석조전_CcNJc7_P8Jk.jpg
428,https://photomarble.s3.ap-northeast-2.amazonaws.com/similarity/background/석조전_CcNvHljrhW1.jpg
429,https://photomarble.s3.ap-northeast-2.amazonaws.com/similarity/background/석조전_CcNy4JpJSlo.jpg
430,https://photomarble.s3.ap-northeast-2.amazonaws.com/similarity/background/석조전_CcNYgawPp9Z.jpg
431,https://photomarble.s3.ap-northeast-2.amazonaws.com/similarity/background/석조전_CcO5-naBfCd.jpg
432,https://photomarble.s3.ap-northeast-2.amazonaws.com/similarity/background/석조전_CcOgKwiPqBE.jpg
433,https://photomarble.s3.ap-northeast-2.amazonaws.com/similarity/background/석조전_CcP-r4kr6P-.jpg
434,https://photomarble.s3.ap-northeast-2.amazonaws.com/similarity/background/석조전_CcP-v-nPmx3.jpg
435,https://photomarble.s3.ap-northeast-2.amazonaws.com/similarity/background/석조전_CcPltlsLP-j.jpg
436,https://photomarble.s3.ap-northeast-2.amazonaws.com/similarity/background/석조전_CcPmi79Pl6a.jpg
437,https://photomarble.s3.ap-northeast-2.amazonaws.com/similarity/background/석조전_CcPOw9evcOC.jpg
438,https://photomarble.s3.ap-northeast-2.amazonaws.com/similarity/background/석조전_CcPsqG3Jte0.jpg
439,https://photomarble.s3.ap-northeast-2.amazonaws.com/similarity/background/석조전_CcPticXvk9P.jpg
440,https://photomarble.s3.ap-northeast-2.amazonaws.com/similarity/background/석조전_CcPtNDgprAv.jpg
441,https://photomarble.s3.ap-northeast-2.amazonaws.com/similarity/background/석조전_CcQLHWQrURn.jpg
442,https://photomarble.s3.ap-northeast-2.amazonaws.com/similarity/background/석조전_CcQOFcFLWFM.jpg
443,https://photomarble.s3.ap-northeast-2.amazonaws.com/similarity/background/석조전_CcQOJtOFS_e.jpg
444,https://photomarble.s3.ap-northeast-2.amazonaws.com/similarity/background/석조전_CcQWnk-PvSK.jpg
445,https://photomarble.s3.ap-northeast-2.amazonaws.com/similarity/background/석조전_CcR4HJPhViu.jpg
446,https://photomarble.s3.ap-northeast-2.amazonaws.com/similarity/background/석조전_CcRerT1Plp6.jpg
447,https://photomarble.s3.ap-northeast-2.amazonaws.com/similarity/background/석조전_CcSGTDLvxKd.jpg
448,https://photomarble.s3.ap-northeast-2.amazonaws.com/similarity/background/석조전_CcWg0fzPv1Z.jpg
449,https://photomarble.s3.ap-northeast-2.amazonaws.com/similarity/background/석조전_CcWg4OSPXtG.jpg
450,https://photomarble.s3.ap-northeast-2.amazonaws.com/similarity/background/석조전_CcX02xIL0oT.jpg
