,link,name
0,https://photomarble.s3.ap-northeast-2.amazonaws.com/similarity/persons/독립문_BvURSK8HAye.jpg,3
1,https://photomarble.s3.ap-northeast-2.amazonaws.com/similarity/persons/독립문_Ca9c2DDv5U5.jpg,3
2,https://photomarble.s3.ap-northeast-2.amazonaws.com/similarity/persons/독립문_CaCjuu6v2bi.jpg,3
3,https://photomarble.s3.ap-northeast-2.amazonaws.com/similarity/persons/독립문_CaeQCgfrUaH.jpg,3
4,https://photomarble.s3.ap-northeast-2.amazonaws.com/similarity/persons/독립문_Cai3Fx7lrgj.jpg,3
5,https://photomarble.s3.ap-northeast-2.amazonaws.com/similarity/persons/독립문_Caj1pGUhdv7.jpg,3
6,https://photomarble.s3.ap-northeast-2.amazonaws.com/similarity/persons/독립문_Caj9texvV7l.jpg,3
7,https://photomarble.s3.ap-northeast-2.amazonaws.com/similarity/persons/독립문_CajH4QWPKlS.jpg,3
8,https://photomarble.s3.ap-northeast-2.amazonaws.com/similarity/persons/독립문_CajPs_flxwH.jpg,3
9,https://photomarble.s3.ap-northeast-2.amazonaws.com/similarity/persons/독립문_CakBss_Bo2u.jpg,3
10,https://photomarble.s3.ap-northeast-2.amazonaws.com/similarity/persons/독립문_CakE05xvwQU.jpg,3
11,https://photomarble.s3.ap-northeast-2.amazonaws.com/similarity/persons/독립문_CalMm-mPhOc.jpg,3
12,https://photomarble.s3.ap-northeast-2.amazonaws.com/similarity/persons/독립문_CamHEJFvbL4.jpg,3
13,https://photomarble.s3.ap-northeast-2.amazonaws.com/similarity/persons/독립문_Canvmskh1lm.jpg,3
14,https://photomarble.s3.ap-northeast-2.amazonaws.com/similarity/persons/독립문_CaoivkwPEf1.jpg,3
15,https://photomarble.s3.ap-northeast-2.amazonaws.com/similarity/persons/독립문_CapQu8RvUoR.jpg,3
16,https://photomarble.s3.ap-northeast-2.amazonaws.com/similarity/persons/독립문_CaSEiW8JaaK.jpg,3
17,https://photomarble.s3.ap-northeast-2.amazonaws.com/similarity/persons/독립문_Cat0NrbpBW0.jpg,3
18,https://photomarble.s3.ap-northeast-2.amazonaws.com/similarity/persons/독립문_CayC-9IPl96.jpg,3
19,https://photomarble.s3.ap-northeast-2.amazonaws.com/similarity/persons/독립문_Cb4XceWPOqU.jpg,3
20,https://photomarble.s3.ap-northeast-2.amazonaws.com/similarity/persons/독립문_Cb4YJ-ULWmt.jpg,3
21,https://photomarble.s3.ap-northeast-2.amazonaws.com/similarity/persons/독립문_Cb5KvU8v6oK.jpg,3
22,https://photomarble.s3.ap-northeast-2.amazonaws.com/similarity/persons/독립문_Cb5Nzx7v0gM.jpg,3
23,https://photomarble.s3.ap-northeast-2.amazonaws.com/similarity/persons/독립문_Cb5QD-UpwYu.jpg,3
24,https://photomarble.s3.ap-northeast-2.amazonaws.com/similarity/persons/독립문_CbaLVNmJBpX.jpg,3
25,https://photomarble.s3.ap-northeast-2.amazonaws.com/similarity/persons/독립문_CbkiyJHL_Vn.jpg,3
26,https://photomarble.s3.ap-northeast-2.amazonaws.com/similarity/persons/독립문_CBsHlUFAzGM.jpg,3
27,https://photomarble.s3.ap-northeast-2.amazonaws.com/similarity/persons/독립문_CbU9IXYPVj8.jpg,3
28,https://photomarble.s3.ap-northeast-2.amazonaws.com/similarity/persons/독립문_CbuDCuVvQIH.jpg,3
29,https://photomarble.s3.ap-northeast-2.amazonaws.com/similarity/persons/독립문_CbUvQjBvy6Q.jpg,3
30,https://photomarble.s3.ap-northeast-2.amazonaws.com/similarity/persons/독립문_CbXngy7Ps5y.jpg,3
31,https://photomarble.s3.ap-northeast-2.amazonaws.com/similarity/persons/독립문_CcErl4mP9Tf.jpg,3
32,https://photomarble.s3.ap-northeast-2.amazonaws.com/similarity/persons/독립문_CcIU6VMr2Uf.jpg,3
33,https://photomarble.s3.ap-northeast-2.amazonaws.com/similarity/persons/독립문_CcKbUf7rpWw.jpg,3
34,https://photomarble.s3.ap-northeast-2.amazonaws.com/similarity/persons/독립문_CSetpI6BOTn.jpg,3
35,https://photomarble.s3.ap-northeast-2.amazonaws.com/similarity/persons/독립문_CXqvNGMpu__.jpg,3
36,https://photomarble.s3.ap-northeast-2.amazonaws.com/similarity/persons/독립문_CXwTLhLvsAI.jpg,3
37,https://photomarble.s3.ap-northeast-2.amazonaws.com/similarity/persons/독립문_CYd0kHPBXXk.jpg,3
38,https://photomarble.s3.ap-northeast-2.amazonaws.com/similarity/persons/독립문_CYdnO_5vMdm.jpg,3
39,https://photomarble.s3.ap-northeast-2.amazonaws.com/similarity/persons/독립문_CY_ZYmPPHTr.jpg,3
40,https://photomarble.s3.ap-northeast-2.amazonaws.com/similarity/persons/독립문_CZ3pMxvlzM6.jpg,3
41,https://photomarble.s3.ap-northeast-2.amazonaws.com/similarity/persons/독립문_CZ8WGzCvvN_.jpg,3
42,https://photomarble.s3.ap-northeast-2.amazonaws.com/similarity/persons/독립문_CZA6te3PTuJ.jpg,3
43,https://photomarble.s3.ap-northeast-2.amazonaws.com/similarity/persons/독립문_CZbKX24J1O2.jpg,3
44,https://photomarble.s3.ap-northeast-2.amazonaws.com/similarity/persons/독립문_CZblUSov5GH.jpg,3
45,https://photomarble.s3.ap-northeast-2.amazonaws.com/similarity/persons/독립문_CZbsVtRlYcr.jpg,3
46,https://photomarble.s3.ap-northeast-2.amazonaws.com/similarity/persons/독립문_CZEgyJOlzoL.jpg,3
47,https://photomarble.s3.ap-northeast-2.amazonaws.com/similarity/persons/독립문_CZHLbpyBZZW.jpg,3
48,https://photomarble.s3.ap-northeast-2.amazonaws.com/similarity/persons/독립문_CZl-mCnlGma.jpg,3
49,https://photomarble.s3.ap-northeast-2.amazonaws.com/similarity/persons/독립문_CZMBwEbPEaP.jpg,3
50,https://photomarble.s3.ap-northeast-2.amazonaws.com/similarity/persons/독립문_CZMjIm2vf52.jpg,3
51,https://photomarble.s3.ap-northeast-2.amazonaws.com/similarity/persons/독립문_CZYzwUGFzHv.jpg,3
52,https://photomarble.s3.ap-northeast-2.amazonaws.com/similarity/persons/독립문_CZ_lDDjvCyn.jpg,3
53,https://photomarble.s3.ap-northeast-2.amazonaws.com/similarity/persons/명동성당_BOf2svyjt3N.jpg,2
54,https://photomarble.s3.ap-northeast-2.amazonaws.com/similarity/persons/명동성당_Cc0A7FgJH0x.jpg,2
55,https://photomarble.s3.ap-northeast-2.amazonaws.com/similarity/persons/명동성당_Cc0EIrkvdwG.jpg,2
56,https://photomarble.s3.ap-northeast-2.amazonaws.com/similarity/persons/명동성당_Cc0INu0pR-3.jpg,2
57,https://photomarble.s3.ap-northeast-2.amazonaws.com/similarity/persons/명동성당_Cc0l59Av8EX.jpg,2
58,https://photomarble.s3.ap-northeast-2.amazonaws.com/similarity/persons/명동성당_Cc0ZhUNP7tm.jpg,2
59,https://photomarble.s3.ap-northeast-2.amazonaws.com/similarity/persons/명동성당_Cc18Wj5B6WU.jpg,2
60,https://photomarble.s3.ap-northeast-2.amazonaws.com/similarity/persons/명동성당_Cc2AFuHPaZS.jpg,2
61,https://photomarble.s3.ap-northeast-2.amazonaws.com/similarity/persons/명동성당_Cc2NsuBPO9f.jpg,2
62,https://photomarble.s3.ap-northeast-2.amazonaws.com/similarity/persons/명동성당_Ccaa5bYr-z6.jpg,2
63,https://photomarble.s3.ap-northeast-2.amazonaws.com/similarity/persons/명동성당_CcacHHrrG7D.jpg,2
64,https://photomarble.s3.ap-northeast-2.amazonaws.com/similarity/persons/명동성당_CcaFIYfPGAP.jpg,2
65,https://photomarble.s3.ap-northeast-2.amazonaws.com/similarity/persons/명동성당_CcagNi4LCKw.jpg,2
66,https://photomarble.s3.ap-northeast-2.amazonaws.com/similarity/persons/명동성당_CcagnqEAVbk.jpg,2
67,https://photomarble.s3.ap-northeast-2.amazonaws.com/similarity/persons/명동성당_CcahjfGvG8j.jpg,2
68,https://photomarble.s3.ap-northeast-2.amazonaws.com/similarity/persons/명동성당_CcaJjR1voZf.jpg,2
69,https://photomarble.s3.ap-northeast-2.amazonaws.com/similarity/persons/명동성당_CcalRpLLJM4.jpg,2
70,https://photomarble.s3.ap-northeast-2.amazonaws.com/similarity/persons/명동성당_Ccao7CVJ0GY.jpg,2
71,https://photomarble.s3.ap-northeast-2.amazonaws.com/similarity/persons/명동성당_CcaR9Q0FAqf.jpg,2
72,https://photomarble.s3.ap-northeast-2.amazonaws.com/similarity/persons/명동성당_CcaXpQaBezV.jpg,2
73,https://photomarble.s3.ap-northeast-2.amazonaws.com/similarity/persons/명동성당_Ccb-L-2LLmP.jpg,2
74,https://photomarble.s3.ap-northeast-2.amazonaws.com/similarity/persons/명동성당_Ccb-UNiv6_k.jpg,2
75,https://photomarble.s3.ap-northeast-2.amazonaws.com/similarity/persons/명동성당_Ccb2hybJoUq.jpg,2
76,https://photomarble.s3.ap-northeast-2.amazonaws.com/similarity/persons/명동성당_Ccb4HYJp34U.jpg,2
77,https://photomarble.s3.ap-northeast-2.amazonaws.com/similarity/persons/명동성당_Ccc2GR6v1hN.jpg,2
78,https://photomarble.s3.ap-northeast-2.amazonaws.com/similarity/persons/명동성당_Ccc3ThKhQR_.jpg,2
79,https://photomarble.s3.ap-northeast-2.amazonaws.com/similarity/persons/명동성당_Ccc4nMdLca2.jpg,2
80,https://photomarble.s3.ap-northeast-2.amazonaws.com/similarity/persons/명동성당_CccCHq8LrTV.jpg,2
81,https://photomarble.s3.ap-northeast-2.amazonaws.com/similarity/persons/명동성당_CccCW4-lsGQ.jpg,2
82,https://photomarble.s3.ap-northeast-2.amazonaws.com/similarity/persons/명동성당_CccFfedrW2V.jpg,2
83,https://photomarble.s3.ap-northeast-2.amazonaws.com/similarity/persons/명동성당_Cccfmworb5R.jpg,2
84,https://photomarble.s3.ap-northeast-2.amazonaws.com/similarity/persons/명동성당_CccJJ-MLwEW.jpg,2
85,https://photomarble.s3.ap-northeast-2.amazonaws.com/similarity/persons/명동성당_CccLvmZv045.jpg,2
86,https://photomarble.s3.ap-northeast-2.amazonaws.com/similarity/persons/명동성당_CccnukWrDOT.jpg,2
87,https://photomarble.s3.ap-northeast-2.amazonaws.com/similarity/persons/명동성당_CccqfByvcmv.jpg,2
88,https://photomarble.s3.ap-northeast-2.amazonaws.com/similarity/persons/명동성당_Ccct1RbPLAS.jpg,2
89,https://photomarble.s3.ap-northeast-2.amazonaws.com/similarity/persons/명동성당_CcctBeFvrju.jpg,2
90,https://photomarble.s3.ap-northeast-2.amazonaws.com/similarity/persons/명동성당_CcdG96rL5Wc.jpg,2
91,https://photomarble.s3.ap-northeast-2.amazonaws.com/similarity/persons/명동성당_CcdjHVKPJHY.jpg,2
92,https://photomarble.s3.ap-northeast-2.amazonaws.com/similarity/persons/명동성당_Cce7uT-v0fS.jpg,2
93,https://photomarble.s3.ap-northeast-2.amazonaws.com/similarity/persons/명동성당_CceGGvyPn0r.jpg,2
94,https://photomarble.s3.ap-northeast-2.amazonaws.com/similarity/persons/명동성당_CceIX2zvWxq.jpg,2
95,https://photomarble.s3.ap-northeast-2.amazonaws.com/similarity/persons/명동성당_CceqxoNvA2a.jpg,2
96,https://photomarble.s3.ap-northeast-2.amazonaws.com/similarity/persons/명동성당_CcErgaiB1tv.jpg,2
97,https://photomarble.s3.ap-northeast-2.amazonaws.com/similarity/persons/명동성당_Cceuaj2vbQj.jpg,2
98,https://photomarble.s3.ap-northeast-2.amazonaws.com/similarity/persons/명동성당_CcfEFHchjc_.jpg,2
99,https://photomarble.s3.ap-northeast-2.amazonaws.com/similarity/persons/명동성당_CcfGV61h1eP.jpg,2
100,https://photomarble.s3.ap-northeast-2.amazonaws.com/similarity/persons/명동성당_CcfjtnTPEEt.jpg,2
101,https://photomarble.s3.ap-northeast-2.amazonaws.com/similarity/persons/명동성당_CcfOVPbvkZb.jpg,2
102,https://photomarble.s3.ap-northeast-2.amazonaws.com/similarity/persons/명동성당_Ccfv4p6pFsN.jpg,2
103,https://photomarble.s3.ap-northeast-2.amazonaws.com/similarity/persons/명동성당_CcfvSRXrOO9.jpg,2
104,https://photomarble.s3.ap-northeast-2.amazonaws.com/similarity/persons/명동성당_CcfytSpPYUt.jpg,2
105,https://photomarble.s3.ap-northeast-2.amazonaws.com/similarity/persons/명동성당_CcfZ0fiBHan.jpg,2
106,https://photomarble.s3.ap-northeast-2.amazonaws.com/similarity/persons/명동성당_CcfZDEnBt60.jpg,2
107,https://photomarble.s3.ap-northeast-2.amazonaws.com/similarity/persons/명동성당_Cch6gg3pI_5.jpg,2
108,https://photomarble.s3.ap-northeast-2.amazonaws.com/similarity/persons/명동성당_Cch6pXlPSbF.jpg,2
109,https://photomarble.s3.ap-northeast-2.amazonaws.com/similarity/persons/명동성당_CchfI0Mr9TN.jpg,2
110,https://photomarble.s3.ap-northeast-2.amazonaws.com/similarity/persons/명동성당_CchgpxGBV00.jpg,2
111,https://photomarble.s3.ap-northeast-2.amazonaws.com/similarity/persons/명동성당_CchOBkKP14h.jpg,2
112,https://photomarble.s3.ap-northeast-2.amazonaws.com/similarity/persons/명동성당_CchrRcSvyuQ.jpg,2
113,https://photomarble.s3.ap-northeast-2.amazonaws.com/similarity/persons/명동성당_CciBurOLyoG.jpg,2
114,https://photomarble.s3.ap-northeast-2.amazonaws.com/similarity/persons/명동성당_CcifoL1BO9w.jpg,2
115,https://photomarble.s3.ap-northeast-2.amazonaws.com/similarity/persons/명동성당_CciJnvoLnDj.jpg,2
116,https://photomarble.s3.ap-northeast-2.amazonaws.com/similarity/persons/명동성당_CciM86BLQVu.jpg,2
117,https://photomarble.s3.ap-northeast-2.amazonaws.com/similarity/persons/명동성당_CciO4e0rs1o.jpg,2
118,https://photomarble.s3.ap-northeast-2.amazonaws.com/similarity/persons/명동성당_CciQqqLpZvM.jpg,2
119,https://photomarble.s3.ap-northeast-2.amazonaws.com/similarity/persons/명동성당_CcjsdvtpTsa.jpg,2
120,https://photomarble.s3.ap-northeast-2.amazonaws.com/similarity/persons/명동성당_Cck2w_jre1u.jpg,2
121,https://photomarble.s3.ap-northeast-2.amazonaws.com/similarity/persons/명동성당_Cck56SKpOri.jpg,2
122,https://photomarble.s3.ap-northeast-2.amazonaws.com/similarity/persons/명동성당_Cck8cndv6k6.jpg,2
123,https://photomarble.s3.ap-northeast-2.amazonaws.com/similarity/persons/명동성당_CckCyAOrrXi.jpg,2
124,https://photomarble.s3.ap-northeast-2.amazonaws.com/similarity/persons/명동성당_CckdjbnFePt.jpg,2
125,https://photomarble.s3.ap-northeast-2.amazonaws.com/similarity/persons/명동성당_CckFdQTvXhA.jpg,2
126,https://photomarble.s3.ap-northeast-2.amazonaws.com/similarity/persons/명동성당_CckMa2zPDi-.jpg,2
127,https://photomarble.s3.ap-northeast-2.amazonaws.com/similarity/persons/명동성당_CckmlIppBrg.jpg,2
128,https://photomarble.s3.ap-northeast-2.amazonaws.com/similarity/persons/명동성당_CckoyIJJU6r.jpg,2
129,https://photomarble.s3.ap-northeast-2.amazonaws.com/similarity/persons/명동성당_CckS1yPJm0-.jpg,2
130,https://photomarble.s3.ap-northeast-2.amazonaws.com/similarity/persons/명동성당_CckwNb7v7SZ.jpg,2
131,https://photomarble.s3.ap-northeast-2.amazonaws.com/similarity/persons/명동성당_CckWRlNlBT_.jpg,2
132,https://photomarble.s3.ap-northeast-2.amazonaws.com/similarity/persons/명동성당_CclrWRrhvJg.jpg,2
133,https://photomarble.s3.ap-northeast-2.amazonaws.com/similarity/persons/명동성당_Ccltqq2BlmS.jpg,2
134,https://photomarble.s3.ap-northeast-2.amazonaws.com/similarity/persons/명동성당_CcmdYXppAcA.jpg,2
135,https://photomarble.s3.ap-northeast-2.amazonaws.com/similarity/persons/명동성당_CcmioGUvy40.jpg,2
136,https://photomarble.s3.ap-northeast-2.amazonaws.com/similarity/persons/명동성당_CcmsSQUJJaT.jpg,2
137,https://photomarble.s3.ap-northeast-2.amazonaws.com/similarity/persons/명동성당_CcmzRJ6PeTX.jpg,2
138,https://photomarble.s3.ap-northeast-2.amazonaws.com/similarity/persons/명동성당_CcnQqX_pytW.jpg,2
139,https://photomarble.s3.ap-northeast-2.amazonaws.com/similarity/persons/명동성당_CcnY4IesnqK.jpg,2
140,https://photomarble.s3.ap-northeast-2.amazonaws.com/similarity/persons/명동성당_Cco9x5-LrLO.jpg,2
141,https://photomarble.s3.ap-northeast-2.amazonaws.com/similarity/persons/명동성당_Ccp12TGPh3v.jpg,2
142,https://photomarble.s3.ap-northeast-2.amazonaws.com/similarity/persons/명동성당_Ccp7iGQrFYE.jpg,2
143,https://photomarble.s3.ap-northeast-2.amazonaws.com/similarity/persons/명동성당_Ccpl6rFJyGL.jpg,2
144,https://photomarble.s3.ap-northeast-2.amazonaws.com/similarity/persons/명동성당_CcpL_tDucBy.jpg,2
145,https://photomarble.s3.ap-northeast-2.amazonaws.com/similarity/persons/명동성당_CcpM8umuY19.jpg,2
146,https://photomarble.s3.ap-northeast-2.amazonaws.com/similarity/persons/명동성당_CcpSKbiLvss.jpg,2
147,https://photomarble.s3.ap-northeast-2.amazonaws.com/similarity/persons/명동성당_Ccpw4mAL-Gj.jpg,2
148,https://photomarble.s3.ap-northeast-2.amazonaws.com/similarity/persons/명동성당_CcpXaEVPQZM.jpg,2
149,https://photomarble.s3.ap-northeast-2.amazonaws.com/similarity/persons/명동성당_Ccr38zJpoi1.jpg,2
150,https://photomarble.s3.ap-northeast-2.amazonaws.com/similarity/persons/명동성당_Ccr3A-GJ9ge.jpg,2
151,https://photomarble.s3.ap-northeast-2.amazonaws.com/similarity/persons/명동성당_Ccr3aONPLV4.jpg,2
152,https://photomarble.s3.ap-northeast-2.amazonaws.com/similarity/persons/명동성당_Ccr6xaRPeBS.jpg,2
153,https://photomarble.s3.ap-northeast-2.amazonaws.com/similarity/persons/명동성당_Ccr8KALJMvB.jpg,2
154,https://photomarble.s3.ap-northeast-2.amazonaws.com/similarity/persons/명동성당_CcrdaSdPlzZ.jpg,2
155,https://photomarble.s3.ap-northeast-2.amazonaws.com/similarity/persons/명동성당_Ccrg6sZrI5D.jpg,2
156,https://photomarble.s3.ap-northeast-2.amazonaws.com/similarity/persons/명동성당_CcrhR2kvRZk.jpg,2
157,https://photomarble.s3.ap-northeast-2.amazonaws.com/similarity/persons/명동성당_CcrlJqKrIY0.jpg,2
158,https://photomarble.s3.ap-northeast-2.amazonaws.com/similarity/persons/명동성당_CcrsQBAPODJ.jpg,2
159,https://photomarble.s3.ap-northeast-2.amazonaws.com/similarity/persons/명동성당_CcS2NTLvx0m.jpg,2
160,https://photomarble.s3.ap-northeast-2.amazonaws.com/similarity/persons/명동성당_CcsDFSlPKAh.jpg,2
161,https://photomarble.s3.ap-northeast-2.amazonaws.com/similarity/persons/명동성당_CcsDSyZLXsn.jpg,2
162,https://photomarble.s3.ap-northeast-2.amazonaws.com/similarity/persons/명동성당_CcSdVY2J-kX.jpg,2
163,https://photomarble.s3.ap-northeast-2.amazonaws.com/similarity/persons/명동성당_CcsEHllrS4z.jpg,2
164,https://photomarble.s3.ap-northeast-2.amazonaws.com/similarity/persons/명동성당_CcsflFQPDQR.jpg,2
165,https://photomarble.s3.ap-northeast-2.amazonaws.com/similarity/persons/명동성당_CcsM2CQvr5C.jpg,2
166,https://photomarble.s3.ap-northeast-2.amazonaws.com/similarity/persons/명동성당_CcsO9_4BQa8.jpg,2
167,https://photomarble.s3.ap-northeast-2.amazonaws.com/similarity/persons/명동성당_CcspHRxvPPY.jpg,2
168,https://photomarble.s3.ap-northeast-2.amazonaws.com/similarity/persons/명동성당_CcsSI1dv8eB.jpg,2
169,https://photomarble.s3.ap-northeast-2.amazonaws.com/similarity/persons/명동성당_CcT6-a-v7zf.jpg,2
170,https://photomarble.s3.ap-northeast-2.amazonaws.com/similarity/persons/명동성당_CcTtaa0PEEz.jpg,2
171,https://photomarble.s3.ap-northeast-2.amazonaws.com/similarity/persons/명동성당_Cctwnfjveck.jpg,2
172,https://photomarble.s3.ap-northeast-2.amazonaws.com/similarity/persons/명동성당_CcU-ylGplQg.jpg,2
173,https://photomarble.s3.ap-northeast-2.amazonaws.com/similarity/persons/명동성당_Ccu1BGIPqND.jpg,2
174,https://photomarble.s3.ap-northeast-2.amazonaws.com/similarity/persons/명동성당_CcuhLgIPSBK.jpg,2
175,https://photomarble.s3.ap-northeast-2.amazonaws.com/similarity/persons/명동성당_CcuVMZFrRrm.jpg,2
176,https://photomarble.s3.ap-northeast-2.amazonaws.com/similarity/persons/명동성당_CcuWSnKrQpA.jpg,2
177,https://photomarble.s3.ap-northeast-2.amazonaws.com/similarity/persons/명동성당_CcuxR88FFiv.jpg,2
178,https://photomarble.s3.ap-northeast-2.amazonaws.com/similarity/persons/명동성당_CcuXrgZvQ6E.jpg,2
179,https://photomarble.s3.ap-northeast-2.amazonaws.com/similarity/persons/명동성당_CcuyLCxPSuT.jpg,2
180,https://photomarble.s3.ap-northeast-2.amazonaws.com/similarity/persons/명동성당_CcvDF9ML--w.jpg,2
181,https://photomarble.s3.ap-northeast-2.amazonaws.com/similarity/persons/명동성당_CcVEeHzpm-6.jpg,2
182,https://photomarble.s3.ap-northeast-2.amazonaws.com/similarity/persons/명동성당_CcvKfphLfzz.jpg,2
183,https://photomarble.s3.ap-northeast-2.amazonaws.com/similarity/persons/명동성당_CcVp27uJGUv.jpg,2
184,https://photomarble.s3.ap-northeast-2.amazonaws.com/similarity/persons/명동성당_CcVUH15PXfQ.jpg,2
185,https://photomarble.s3.ap-northeast-2.amazonaws.com/similarity/persons/명동성당_CcVW9HVPa6J.jpg,2
186,https://photomarble.s3.ap-northeast-2.amazonaws.com/similarity/persons/명동성당_CcW6AbtPfvc.jpg,2
187,https://photomarble.s3.ap-northeast-2.amazonaws.com/similarity/persons/명동성당_CcW7IaoPcme.jpg,2
188,https://photomarble.s3.ap-northeast-2.amazonaws.com/similarity/persons/명동성당_Ccw9UgrJecI.jpg,2
189,https://photomarble.s3.ap-northeast-2.amazonaws.com/similarity/persons/명동성당_CcWdX7IvfEA.jpg,2
190,https://photomarble.s3.ap-northeast-2.amazonaws.com/similarity/persons/명동성당_CcwehEXFO-8.jpg,2
191,https://photomarble.s3.ap-northeast-2.amazonaws.com/similarity/persons/명동성당_CcWjYfPvcQS.jpg,2
192,https://photomarble.s3.ap-northeast-2.amazonaws.com/similarity/persons/명동성당_CcwmPz2Bett.jpg,2
193,https://photomarble.s3.ap-northeast-2.amazonaws.com/similarity/persons/명동성당_CcwNbNjva1f.jpg,2
194,https://photomarble.s3.ap-northeast-2.amazonaws.com/similarity/persons/명동성당_Ccx0iuGvaZN.jpg,2
195,https://photomarble.s3.ap-northeast-2.amazonaws.com/similarity/persons/명동성당_CcX5UvaroYx.jpg,2
196,https://photomarble.s3.ap-northeast-2.amazonaws.com/similarity/persons/명동성당_CcX7LeBPS1f.jpg,2
197,https://photomarble.s3.ap-northeast-2.amazonaws.com/similarity/persons/명동성당_CcXjKp1JuAE.jpg,2
198,https://photomarble.s3.ap-northeast-2.amazonaws.com/similarity/persons/명동성당_CcxJp5bPBq6.jpg,2
199,https://photomarble.s3.ap-northeast-2.amazonaws.com/similarity/persons/명동성당_CcxkVBkLr-b.jpg,2
200,https://photomarble.s3.ap-northeast-2.amazonaws.com/similarity/persons/명동성당_CcXPd5yPE5H.jpg,2
201,https://photomarble.s3.ap-northeast-2.amazonaws.com/similarity/persons/명동성당_CcXqLaxrxyN.jpg,2
202,https://photomarble.s3.ap-northeast-2.amazonaws.com/similarity/persons/명동성당_CcXr8zXvyAe.jpg,2
203,https://photomarble.s3.ap-northeast-2.amazonaws.com/similarity/persons/명동성당_CcXsEncPNYv.jpg,2
204,https://photomarble.s3.ap-northeast-2.amazonaws.com/similarity/persons/명동성당_CcXvzFDPO1W.jpg,2
205,https://photomarble.s3.ap-northeast-2.amazonaws.com/similarity/persons/명동성당_CcXXdYEhPSB.jpg,2
206,https://photomarble.s3.ap-northeast-2.amazonaws.com/similarity/persons/명동성당_Ccz1ZfYpk2L.jpg,2
207,https://photomarble.s3.ap-northeast-2.amazonaws.com/similarity/persons/명동성당_CcZ4moOPHAO.jpg,2
208,https://photomarble.s3.ap-northeast-2.amazonaws.com/similarity/persons/명동성당_CcZ77LYPQyC.jpg,2
209,https://photomarble.s3.ap-northeast-2.amazonaws.com/similarity/persons/명동성당_CcZ8c35LMZh.jpg,2
210,https://photomarble.s3.ap-northeast-2.amazonaws.com/similarity/persons/명동성당_Ccze_B1PJYw.jpg,2
211,https://photomarble.s3.ap-northeast-2.amazonaws.com/similarity/persons/명동성당_CcZhJ57JUF5.jpg,2
212,https://photomarble.s3.ap-northeast-2.amazonaws.com/similarity/persons/명동성당_CcZjGYvPVlO.jpg,2
213,https://photomarble.s3.ap-northeast-2.amazonaws.com/similarity/persons/명동성당_CcZk3Svv9rB.jpg,2
214,https://photomarble.s3.ap-northeast-2.amazonaws.com/similarity/persons/명동성당_CczMZq4vrt_.jpg,2
215,https://photomarble.s3.ap-northeast-2.amazonaws.com/similarity/persons/명동성당_CczNDx3PnDz.jpg,2
216,https://photomarble.s3.ap-northeast-2.amazonaws.com/similarity/persons/명동성당_CcZpusxPXhM.jpg,2
217,https://photomarble.s3.ap-northeast-2.amazonaws.com/similarity/persons/명동성당_CcZqblIvfTu.jpg,2
218,https://photomarble.s3.ap-northeast-2.amazonaws.com/similarity/persons/명동성당_CcZrp57pnBW.jpg,2
219,https://photomarble.s3.ap-northeast-2.amazonaws.com/similarity/persons/명동성당_CczxXrzP68T.jpg,2
220,https://photomarble.s3.ap-northeast-2.amazonaws.com/similarity/persons/명동성당_CcZzzCNh4Mq.jpg,2
221,https://photomarble.s3.ap-northeast-2.amazonaws.com/similarity/persons/명동성당_CZ7IWQUvHXP.jpg,2
222,https://photomarble.s3.ap-northeast-2.amazonaws.com/similarity/persons/석조전_Cb-Pt_VrDid.jpg,1
223,https://photomarble.s3.ap-northeast-2.amazonaws.com/similarity/persons/석조전_Cb49pNDLVCo.jpg,1
224,https://photomarble.s3.ap-northeast-2.amazonaws.com/similarity/persons/석조전_Cb90EnYvYRv.jpg,1
225,https://photomarble.s3.ap-northeast-2.amazonaws.com/similarity/persons/석조전_Cb93_TEBwZ6.jpg,1
226,https://photomarble.s3.ap-northeast-2.amazonaws.com/similarity/persons/석조전_CbcRgqhLZKM.jpg,1
227,https://photomarble.s3.ap-northeast-2.amazonaws.com/similarity/persons/석조전_CbeYr8TvUXH.jpg,1
228,https://photomarble.s3.ap-northeast-2.amazonaws.com/similarity/persons/석조전_CbkSHCqvk0x.jpg,1
229,https://photomarble.s3.ap-northeast-2.amazonaws.com/similarity/persons/석조전_CbmimxTLvMW.jpg,1
230,https://photomarble.s3.ap-northeast-2.amazonaws.com/similarity/persons/석조전_CcAioIkhLh3.jpg,1
231,https://photomarble.s3.ap-northeast-2.amazonaws.com/similarity/persons/석조전_CcajL48pmbX.jpg,1
232,https://photomarble.s3.ap-northeast-2.amazonaws.com/similarity/persons/석조전_CcAqRvmvugI.jpg,1
233,https://photomarble.s3.ap-northeast-2.amazonaws.com/similarity/persons/석조전_CcbvopkPdtU.jpg,1
234,https://photomarble.s3.ap-northeast-2.amazonaws.com/similarity/persons/석조전_Ccc71brLXPO.jpg,1
235,https://photomarble.s3.ap-northeast-2.amazonaws.com/similarity/persons/석조전_CccaEigvgAx.jpg,1
236,https://photomarble.s3.ap-northeast-2.amazonaws.com/similarity/persons/석조전_CccaKJGhH_m.jpg,1
237,https://photomarble.s3.ap-northeast-2.amazonaws.com/similarity/persons/석조전_CcDaPAQpmke.jpg,1
238,https://photomarble.s3.ap-northeast-2.amazonaws.com/similarity/persons/석조전_Ccdg5JDvtwl.jpg,1
239,https://photomarble.s3.ap-northeast-2.amazonaws.com/similarity/persons/석조전_CcDhg-Uht_u.jpg,1
240,https://photomarble.s3.ap-northeast-2.amazonaws.com/similarity/persons/석조전_CcdImT4hjlP.jpg,1
241,https://photomarble.s3.ap-northeast-2.amazonaws.com/similarity/persons/석조전_CcDlImyv5et.jpg,1
242,https://photomarble.s3.ap-northeast-2.amazonaws.com/similarity/persons/석조전_CceYsP1Phd5.jpg,1
243,https://photomarble.s3.ap-northeast-2.amazonaws.com/similarity/persons/석조전_CcF2XPTv0u_.jpg,1
244,https://photomarble.s3.ap-northeast-2.amazonaws.com/similarity/persons/석조전_CcF66Nrv6NV.jpg,1
245,https://photomarble.s3.ap-northeast-2.amazonaws.com/similarity/persons/석조전_CcF9JAgJK8m.jpg,1
246,https://photomarble.s3.ap-northeast-2.amazonaws.com/similarity/persons/석조전_CcFJaEBP7FJ.jpg,1
247,https://photomarble.s3.ap-northeast-2.amazonaws.com/similarity/persons/석조전_CcG6szov-f8.jpg,1
248,https://photomarble.s3.ap-northeast-2.amazonaws.com/similarity/persons/석조전_CcHr1lBrRYq.jpg,1
249,https://photomarble.s3.ap-northeast-2.amazonaws.com/similarity/persons/석조전_CcIHJ8jJlo7.jpg,1
250,https://photomarble.s3.ap-northeast-2.amazonaws.com/similarity/persons/석조전_CcIHqZPJxF8.jpg,1
251,https://photomarble.s3.ap-northeast-2.amazonaws.com/similarity/persons/석조전_CcIlzy3PszD.jpg,1
252,https://photomarble.s3.ap-northeast-2.amazonaws.com/similarity/persons/석조전_CcIoKNUJIdh.jpg,1
253,https://photomarble.s3.ap-northeast-2.amazonaws.com/similarity/persons/석조전_CcIOMspv1e5.jpg,1
254,https://photomarble.s3.ap-northeast-2.amazonaws.com/similarity/persons/석조전_CcIuUDPvkkz.jpg,1
255,https://photomarble.s3.ap-northeast-2.amazonaws.com/similarity/persons/석조전_CcIVWzqBYyP.jpg,1
256,https://photomarble.s3.ap-northeast-2.amazonaws.com/similarity/persons/석조전_CcIwVc2P7k5.jpg,1
257,https://photomarble.s3.ap-northeast-2.amazonaws.com/similarity/persons/석조전_CcIZ2bZhYwT.jpg,1
258,https://photomarble.s3.ap-northeast-2.amazonaws.com/similarity/persons/석조전_CcKdqIEBP1q.jpg,1
259,https://photomarble.s3.ap-northeast-2.amazonaws.com/similarity/persons/석조전_CcKu8Xohsb2.jpg,1
260,https://photomarble.s3.ap-northeast-2.amazonaws.com/similarity/persons/석조전_CcKvhaahefv.jpg,1
261,https://photomarble.s3.ap-northeast-2.amazonaws.com/similarity/persons/석조전_CcLHt5nLnUe.jpg,1
262,https://photomarble.s3.ap-northeast-2.amazonaws.com/similarity/persons/석조전_CcMjOBJJ04X.jpg,1
263,https://photomarble.s3.ap-northeast-2.amazonaws.com/similarity/persons/석조전_CcMMV08hJn0.jpg,1
264,https://photomarble.s3.ap-northeast-2.amazonaws.com/similarity/persons/석조전_CcMoAV5JmKu.jpg,1
265,https://photomarble.s3.ap-northeast-2.amazonaws.com/similarity/persons/석조전_CcNcy3gvPKY.jpg,1
266,https://photomarble.s3.ap-northeast-2.amazonaws.com/similarity/persons/석조전_CcNyI0oheUb.jpg,1
267,https://photomarble.s3.ap-northeast-2.amazonaws.com/similarity/persons/석조전_CcOyT27PqbZ.jpg,1
268,https://photomarble.s3.ap-northeast-2.amazonaws.com/similarity/persons/석조전_CcPDFBIJnBC.jpg,1
269,https://photomarble.s3.ap-northeast-2.amazonaws.com/similarity/persons/석조전_CcPtwGRP1Wz.jpg,1
270,https://photomarble.s3.ap-northeast-2.amazonaws.com/similarity/persons/석조전_CcQNOkLPD0F.jpg,1
271,https://photomarble.s3.ap-northeast-2.amazonaws.com/similarity/persons/석조전_CcS29N3vmST.jpg,1
272,https://photomarble.s3.ap-northeast-2.amazonaws.com/similarity/persons/석조전_CcSFhpKP_uO.jpg,1
273,https://photomarble.s3.ap-northeast-2.amazonaws.com/similarity/persons/석조전_CcX93q2vaor.jpg,1
274,https://photomarble.s3.ap-northeast-2.amazonaws.com/similarity/persons/석조전_CcXcl-2L7nr.jpg,1
275,https://photomarble.s3.ap-northeast-2.amazonaws.com/similarity/persons/석조전_CcXhY4SvZPK.jpg,1
276,https://photomarble.s3.ap-northeast-2.amazonaws.com/similarity/persons/석조전_CcXUO2rL31W.jpg,1
277,https://photomarble.s3.ap-northeast-2.amazonaws.com/similarity/persons/석조전_CcXvL88vy_w.jpg,1
278,https://photomarble.s3.ap-northeast-2.amazonaws.com/similarity/persons/석조전_CcZ60_1vMUZ.jpg,1
279,https://photomarble.s3.ap-northeast-2.amazonaws.com/similarity/persons/석조전_CL8UVSLhzn0.jpg,1
280,https://photomarble.s3.ap-northeast-2.amazonaws.com/similarity/persons/석조전_CQi0jd5nQ1e.jpg,1
